<?xml version="1.0" encoding="UTF-8"?>
<project-private xmlns="http://www.netbeans.org/ns/project-private/1">
    <data xmlns="http://www.netbeans.org/ns/make-project-private/1">
        <activeConfTypeElem>1</activeConfTypeElem>
        <activeConfIndexElem>0</activeConfIndexElem>
    </data>
    <editor-bookmarks xmlns="http://www.netbeans.org/ns/editor-bookmarks/2" lastBookmarkId="0"/>
    <open-files xmlns="http://www.netbeans.org/ns/projectui-open-files/2">
        <group>
            <file>file:/home/blanca/GIIM1_2/metodología_de_la_programación/practica_3/paquetes_nb/include/secuenciapaquete.h</file>
            <file>file:/home/blanca/GIIM1_2/metodología_de_la_programación/practica_3/paquetes_nb/src/main.cpp</file>
            <file>file:/home/blanca/GIIM1_2/metodología_de_la_programación/practica_3/paquetes_nb/src/secuenciapaquete.cpp</file>
            <file>file:/home/blanca/GIIM1_2/metodología_de_la_programación/practica_3/paquetes_nb/src/paquete.cpp</file>
        </group>
    </open-files>
</project-private>
